Company_Name,Skills,location
FGBS- Ford Global Business Services,Marketing Sales & Service,"India, Chennai"
FGBS- Ford Global Business Services,IT,"India, Chennai"
FGBS- Ford Global Business Services,Information Technology,"India, Chennai"
FGBS- Ford Global Business Services,Finance,"India, Chennai"
FBSC - Ford Business Services Center,Finance,"India, Chennai"
FGBS- Ford Global Business Services,Information Technology,"India, Chennai"
FGBS- Ford Global Business Services,Manufacturing,"India, Chennai"
FGBS- Ford Global Business Services,Manufacturing,"India, Chennai"
FGBS- Ford Global Business Services,IT,"India, Chennai"
FGBS- Ford Global Business Services,IT,"India, Chennai"
FGBS- Ford Global Business Services,Information Technology,"India, Chennai"
FGBS- Ford Global Business Services,Information Technology,"India, Chennai"
FGBS- Ford Global Business Services,IT,"India, Chennai"
FGBS- Ford Global Business Services,IT,"India, Chennai"
FGBS- Ford Global Business Services,IT,"India, Chennai"
FGBS- Ford Global Business Services,IT,"India, Chennai"
FGBS- Ford Global Business Services,IT,"India, Chennai"
FGBS- Ford Global Business Services,IT,"India, Chennai"
FGBS- Ford Global Business Services,IT,"India, Chennai"
FGBS- Ford Global Business Services,Information Technology,"India, Chennai"
FGBS- Ford Global Business Services,IT,"India, Chennai"
FGBS- Ford Global Business Services,Manufacturing,"India, Chennai"
FGBS- Ford Global Business Services,Manufacturing,"India, Chennai"
FGBS- Ford Global Business Services,GDIA,"India, Chennai"
FGBS- Ford Global Business Services,GDIA,"India, Chennai"
FGBS- Ford Global Business Services,GDIA,"India, Chennai"
FGBS- Ford Global Business Services,GDIA,"India, Chennai"
FBSC - Ford Business Services Center,GDIA,"India, Chennai"
FGBS- Ford Global Business Services,GDIA,"India, Chennai"
FGBS- Ford Global Business Services,GDIA,"India, Chennai"
FGBS- Ford Global Business Services,GDIA,"India, Chennai"
FGBS- Ford Global Business Services,GDIA,"India, Chennai"
FGBS- Ford Global Business Services,GDIA,"India, Chennai"
FGBS- Ford Global Business Services,GDIA,"India, Chennai"
FGBS- Ford Global Business Services,GDIA,"India, Chennai"
FGBS- Ford Global Business Services,GDIA,"India, Chennai"
FGBS- Ford Global Business Services,GDIA,"India, Chennai"
FGBS- Ford Global Business Services,GDIA,"India, Chennai"
FGBS- Ford Global Business Services,GDIA,"India, Chennai"
FGBS- Ford Global Business Services,GDIA,"India, Chennai"
FGBS- Ford Global Business Services,GDIA,"India, Chennai"
FGBS- Ford Global Business Services,Finance,"India, Chennai"
FGBS- Ford Global Business Services,Marketing Sales & Services,"India, Chennai"
FGBS- Ford Global Business Services,Marketing Sales & Services,"India, Chennai"
FGBS- Ford Global Business Services,Marketing Sales & Service,"India, Chennai"
FGBS- Ford Global Business Services,Credit,"India, Chennai"
FGBS- Ford Global Business Services,IT,"India, Chennai"
FGBS- Ford Global Business Services,Marketing Sales & Services,"India, Chennai"
FGBS- Ford Global Business Services,GDIA,"India, Chennai"
FGBS- Ford Global Business Services,IT,"India, Chennai"
