Company_Name,Job_Title,Skills,location,Positions_Remaining,LastUpdated
FGBS- Ford Global Business Services,Warranty Claims Assessor,,"India, Chennai",1,<input type='hidden' value='63691488'/>22-Apr-2019
FGBS- Ford Global Business Services,Infrastructure Automation Engineer,,"India, Chennai",1,<input type='hidden' value='63691056'/>17-Apr-2019
FGBS- Ford Global Business Services,Full Stack Developer - FCP,,"India, Chennai",1,<input type='hidden' value='63690969'/>16-Apr-2019
FGBS- Ford Global Business Services,Financial Analyst - Profit Analysis,,"India, Chennai",1,<input type='hidden' value='63690969'/>16-Apr-2019
FBSC - Ford Business Services Center,Senior Finance Analyst,,"India, Chennai",1,<input type='hidden' value='63690969'/>16-Apr-2019
FGBS- Ford Global Business Services,EHPAS Security Admin,,"India, Chennai",1,<input type='hidden' value='63689846'/>03-Apr-2019
FGBS- Ford Global Business Services,Codification Analyst,,"India, Chennai",1,<input type='hidden' value='63689846'/>03-Apr-2019
FGBS- Ford Global Business Services,SPI Analyst,,"India, Chennai",1,<input type='hidden' value='63689760'/>02-Apr-2019
FGBS- Ford Global Business Services,Security Analyst,,"India, Chennai",1,<input type='hidden' value='63689414'/>29-Mar-2019
FGBS- Ford Global Business Services,Security Analyst,,"India, Chennai",1,<input type='hidden' value='63689414'/>29-Mar-2019
FGBS- Ford Global Business Services,Global Incident Management Analyst,,"India, Chennai",1,<input type='hidden' value='63689414'/>29-Mar-2019
FGBS- Ford Global Business Services,IT Operation Analyst,,"India, Chennai",1,<input type='hidden' value='63689414'/>29-Mar-2019
FGBS- Ford Global Business Services,RPA Analyst,,"India, Chennai",1,<input type='hidden' value='63689414'/>29-Mar-2019
FGBS- Ford Global Business Services,Server Build Hosting Infra Review (HIR) Engineer – Windows,,"India, Chennai",1,<input type='hidden' value='63689414'/>29-Mar-2019
FGBS- Ford Global Business Services,Vault (Hashicorp) Engineer,,"India, Chennai",1,<input type='hidden' value='63689414'/>29-Mar-2019
FGBS- Ford Global Business Services,Cloud Automation Engineer,,"India, Chennai",1,<input type='hidden' value='63689414'/>29-Mar-2019
FGBS- Ford Global Business Services,Mainframe Operations Analyst,,"India, Chennai",1,<input type='hidden' value='63689414'/>29-Mar-2019
FGBS- Ford Global Business Services,IT Operations Engineer - PCF / CaaS,,"India, Chennai",1,<input type='hidden' value='63689414'/>29-Mar-2019
FGBS- Ford Global Business Services,IT Operations Analyst,,"India, Chennai",1,<input type='hidden' value='63689414'/>29-Mar-2019
FGBS- Ford Global Business Services,Linux / Unix L2 Engineer,,"India, Chennai",1,<input type='hidden' value='63689414'/>29-Mar-2019
FGBS- Ford Global Business Services,Security & Controls Champion,,"India, Chennai",1,<input type='hidden' value='63689241'/>27-Mar-2019
FGBS- Ford Global Business Services,MP&L WERS Releasing Analyst,,"India, Chennai",1,<input type='hidden' value='63689241'/>27-Mar-2019
FGBS- Ford Global Business Services,BOM Validation & Pre-Prod analyst,,"India, Chennai",1,<input type='hidden' value='63689068'/>25-Mar-2019
FGBS- Ford Global Business Services,Analytics Modeler,,"India, Chennai",1,<input type='hidden' value='63689068'/>25-Mar-2019
FGBS- Ford Global Business Services,Analytics Modeler,,"India, Chennai",1,<input type='hidden' value='63689068'/>25-Mar-2019
FGBS- Ford Global Business Services,Analytics Modeler,,"India, Chennai",1,<input type='hidden' value='63689068'/>25-Mar-2019
FGBS- Ford Global Business Services,Analytics Modeler,,"India, Chennai",1,<input type='hidden' value='63689068'/>25-Mar-2019
FBSC - Ford Business Services Center,Data Operations Analyst,,"India, Chennai",1,<input type='hidden' value='63689068'/>25-Mar-2019
FGBS- Ford Global Business Services,Data Operations Analyst,,"India, Chennai",1,<input type='hidden' value='63689068'/>25-Mar-2019
FGBS- Ford Global Business Services,Data Operation Analyst,,"India, Chennai",1,<input type='hidden' value='63689068'/>25-Mar-2019
FGBS- Ford Global Business Services,Data Operations Analyst,,"India, Chennai",1,<input type='hidden' value='63689068'/>25-Mar-2019
FGBS- Ford Global Business Services,Data Operation Analyst,,"India, Chennai",1,<input type='hidden' value='63689068'/>25-Mar-2019
FGBS- Ford Global Business Services,Analyst,,"India, Chennai",1,<input type='hidden' value='63689068'/>25-Mar-2019
FGBS- Ford Global Business Services,Analyst,,"India, Chennai",1,<input type='hidden' value='63689068'/>25-Mar-2019
FGBS- Ford Global Business Services,Analyst,,"India, Chennai",1,<input type='hidden' value='63689068'/>25-Mar-2019
FGBS- Ford Global Business Services,Analyst,,"India, Chennai",1,<input type='hidden' value='63689068'/>25-Mar-2019
FGBS- Ford Global Business Services,Analyst,,"India, Chennai",1,<input type='hidden' value='63689068'/>25-Mar-2019
FGBS- Ford Global Business Services,Analyst,,"India, Chennai",1,<input type='hidden' value='63689068'/>25-Mar-2019
FGBS- Ford Global Business Services,Analyst,,"India, Chennai",1,<input type='hidden' value='63689068'/>25-Mar-2019
FGBS- Ford Global Business Services,Analyst,,"India, Chennai",1,<input type='hidden' value='63689068'/>25-Mar-2019
FGBS- Ford Global Business Services,Analyst,,"India, Chennai",1,<input type='hidden' value='63689068'/>25-Mar-2019
FGBS- Ford Global Business Services,German Linguist,,"India, Chennai",1,<input type='hidden' value='63687945'/>12-Mar-2019
FGBS- Ford Global Business Services,SCM Analyst – Depot,,"India, Chennai",1,<input type='hidden' value='63687600'/>08-Mar-2019
FGBS- Ford Global Business Services,EU PFM Analyst,,"India, Chennai",1,<input type='hidden' value='63687427'/>06-Mar-2019
FGBS- Ford Global Business Services,TSO Publication Author,,"India, Chennai",1,<input type='hidden' value='63687427'/>06-Mar-2019
FGBS- Ford Global Business Services,Language Specialist,,"India, Chennai",1,<input type='hidden' value='63686304'/>21-Feb-2019
FGBS- Ford Global Business Services,Product Manager- IT,,"India, Chennai",1,<input type='hidden' value='63685440'/>11-Feb-2019
FGBS- Ford Global Business Services,US Warranty Reporting Specialist,,"India, Chennai",1,<input type='hidden' value='63684921'/>05-Feb-2019
FGBS- Ford Global Business Services,Analytics Modeler (Machine Learning),,"India, Chennai",1,<input type='hidden' value='63684835'/>04-Feb-2019
FGBS- Ford Global Business Services,Agile Coach,,"India, Chennai",1,<input type='hidden' value='63684835'/>04-Feb-2019
