[
{"Job_desc": ["[{\"chkColumn\" : \"<div style='text-align:center'><input  type='checkbox' title='Select 33598br' id='447969' name='chkJobClientIds'  value='447969|1|0' aria-checked='false' role='checkbox' tabindex='-1' aria-label='Select 33598br'onClick=\\\"javascript:onCheckJob('447969',447969,'1','0','1', false);\\\" /></div>\",\"AutoReq\" : \"<input type='hidden' value=\\\"33598br\\\"></input><a tabindex='-1' aria-label=\\\"View job details for 33598BR\\\" id='viewjobdetails0' href=\\\"jobdetails.aspx?SID=%5ecxk4ebUYn2CHrE1lGJW14q1UFneq7zPjEAILZXPDDtNIwVZWXV6rSIJzlaLcdgpg&jobId=447969&type=search&JobReqLang=1&recordstart=1&JobSiteId=5283&JobSiteInfo=447969_5283&GQId=0\\\" >33598BR</a> \",\"JobTitle\" : \"Infrastructure Automation Engineer\",\"FORMTEXT12\" : \"India\",\"FORMTEXT7\" : \"Chennai\",\"FORMTEXT8\" : \"FGBS- Ford Global Business Services\",\"FORMTEXT19\" : \"IT\",\"PositionsRemaining\" : \"1\",\"LastUpdated\" : \"<input type='hidden' value='63691056'/>17-Apr-2019\",\"currentRowHiddenData\" : \"<input type='hidden' name='hidJobSiteId' id='hidJobSiteId_447969'  value='447969_5283' /><input type='hidden' name='hidJobGQId'  value='0' />\"},{\"chkColumn\" : \"<div style='text-align:center'><input  type='checkbox' title='Select 33570br' id='447583' name='chkJobClientIds'  value='447583|1|0' aria-checked='false' role='checkbox' tabindex='-1' aria-label='Select 33570br'onClick=\\\"javascript:onCheckJob('447583',447583,'1','0','1', false);\\\" /></div>\",\"AutoReq\" : \"<input type='hidden' value=\\\"33570br\\\"></input><a tabindex='-1' aria-label=\\\"View job details for 33570BR\\\" id='viewjobdetails1' href=\\\"jobdetails.aspx?SID=%5ecxk4ebUYn2CHrE1lGJW14q1UFneq7zPjEAILZXPDDtNIwVZWXV6rSIJzlaLcdgpg&jobId=447583&type=search&JobReqLang=1&recordstart=1&JobSiteId=5283&JobSiteInfo=447583_5283&GQId=0\\\" >33570BR</a> \",\"JobTitle\" : \"Full Stack Developer - FCP\",\"FORMTEXT12\" : \"India\",\"FORMTEXT7\" : \"Chennai\",\"FORMTEXT8\" : \"FGBS- Ford Global Business Services\",\"FORMTEXT19\" : \"Information Technology\",\"PositionsRemaining\" : \"1\",\"LastUpdated\" : \"<input type='hidden' value='63690969'/>16-Apr-2019\",\"currentRowHiddenData\" : \"<input type='hidden' name='hidJobSiteId' id='hidJobSiteId_447583'  value='447583_5283' /><input type='hidden' name='hidJobGQId'  value='0' />\"},{\"chkColumn\" : \"<div style='text-align:center'><input  type='checkbox' title='Select 33644br' id='448516' name='chkJobClientIds'  value='448516|1|0' aria-checked='false' role='checkbox' tabindex='-1' aria-label='Select 33644br'onClick=\\\"javascript:onCheckJob('448516',448516,'1','0','1', false);\\\" /></div>\",\"AutoReq\" : \"<input type='hidden' value=\\\"33644br\\\"></input><a tabindex='-1' aria-label=\\\"View job details for 33644BR\\\" id='viewjobdetails2' href=\\\"jobdetails.aspx?SID=%5ecxk4ebUYn2CHrE1lGJW14q1UFneq7zPjEAILZXPDDtNIwVZWXV6rSIJzlaLcdgpg&jobId=448516&type=search&JobReqLang=1&recordstart=1&JobSiteId=5283&JobSiteInfo=448516_5283&GQId=0\\\" >33644BR</a> \",\"JobTitle\" : \"Financial Analyst - Profit Analysis\",\"FORMTEXT12\" : \"India\",\"FORMTEXT7\" : \"Chennai\",\"FORMTEXT8\" : \"FGBS- Ford Global Business Services\",\"FORMTEXT19\" : \"Finance\",\"PositionsRemaining\" : \"1\",\"LastUpdated\" : \"<input type='hidden' value='63690969'/>16-Apr-2019\",\"currentRowHiddenData\" : \"<input type='hidden' name='hidJobSiteId' id='hidJobSiteId_448516'  value='448516_5283' /><input type='hidden' name='hidJobGQId'  value='0' />\"},{\"chkColumn\" : \"<div style='text-align:center'><input  type='checkbox' title='Select 33662br' id='448629' name='chkJobClientIds'  value='448629|1|0' aria-checked='false' role='checkbox' tabindex='-1' aria-label='Select 33662br'onClick=\\\"javascript:onCheckJob('448629',448629,'1','0','1', false);\\\" /></div>\",\"AutoReq\" : \"<input type='hidden' value=\\\"33662br\\\"></input><a tabindex='-1' aria-label=\\\"View job details for 33662BR\\\" id='viewjobdetails3' href=\\\"jobdetails.aspx?SID=%5ecxk4ebUYn2CHrE1lGJW14q1UFneq7zPjEAILZXPDDtNIwVZWXV6rSIJzlaLcdgpg&jobId=448629&type=search&JobReqLang=1&recordstart=1&JobSiteId=5283&JobSiteInfo=448629_5283&GQId=0\\\" >33662BR</a> \",\"JobTitle\" : \"Senior Finance Analyst\",\"FORMTEXT12\" : \"India\",\"FORMTEXT7\" : \"Chennai\",\"FORMTEXT8\" : \"FBSC - Ford Business Services Center\",\"FORMTEXT19\" : \"Finance\",\"PositionsRemaining\" : \"1\",\"LastUpdated\" : \"<input type='hidden' value='63690969'/>16-Apr-2019\",\"currentRowHiddenData\" : \"<input type='hidden' name='hidJobSiteId' id='hidJobSiteId_448629'  value='448629_5283' /><input type='hidden' name='hidJobGQId'  value='0' />\"},{\"chkColumn\" : \"<div style='text-align:center'><input  type='checkbox' title='Select 33231br' id='445414' name='chkJobClientIds'  value='445414|1|0' aria-checked='false' role='checkbox' tabindex='-1' aria-label='Select 33231br'onClick=\\\"javascript:onCheckJob('445414',445414,'1','0','1', false);\\\" /></div>\",\"AutoReq\" : \"<input type='hidden' value=\\\"33231br\\\"></input><a tabindex='-1' aria-label=\\\"View job details for 33231BR\\\" id='viewjobdetails4' href=\\\"jobdetails.aspx?SID=%5ecxk4ebUYn2CHrE1lGJW14q1UFneq7zPjEAILZXPDDtNIwVZWXV6rSIJzlaLcdgpg&jobId=445414&type=search&JobReqLang=1&recordstart=1&JobSiteId=5283&JobSiteInfo=445414_5283&GQId=0\\\" >33231BR</a> \",\"JobTitle\" : \"EHPAS Security Admin\",\"FORMTEXT12\" : \"India\",\"FORMTEXT7\" : \"Chennai\",\"FORMTEXT8\" : \"FGBS- Ford Global Business Services\",\"FORMTEXT19\" : \"Information Technology\",\"PositionsRemaining\" : \"1\",\"LastUpdated\" : \"<input type='hidden' value='63689846'/>03-Apr-2019\",\"currentRowHiddenData\" : \"<input type='hidden' name='hidJobSiteId' id='hidJobSiteId_445414'  value='445414_5283' /><input type='hidden' name='hidJobGQId'  value='0' />\"},{\"chkColumn\" : \"<div style='text-align:center'><input  type='checkbox' title='Select 33251br' id='445571' name='chkJobClientIds'  value='445571|1|0' aria-checked='false' role='checkbox' tabindex='-1' aria-label='Select 33251br'onClick=\\\"javascript:onCheckJob('445571',445571,'1','0','1', false);\\\" /></div>\",\"AutoReq\" : \"<input type='hidden' value=\\\"33251br\\\"></input><a tabindex='-1' aria-label=\\\"View job details for 33251BR\\\" id='viewjobdetails5' href=\\\"jobdetails.aspx?SID=%5ecxk4ebUYn2CHrE1lGJW14q1UFneq7zPjEAILZXPDDtNIwVZWXV6rSIJzlaLcdgpg&jobId=445571&type=search&JobReqLang=1&recordstart=1&JobSiteId=5283&JobSiteInfo=445571_5283&GQId=0\\\" >33251BR</a> \",\"JobTitle\" : \"Codification Analyst\",\"FORMTEXT12\" : \"India\",\"FORMTEXT7\" : \"Chennai\",\"FORMTEXT8\" : \"FGBS- Ford Global Business Services\",\"FORMTEXT19\" : \"Manufacturing\",\"PositionsRemaining\" : \"1\",\"LastUpdated\" : \"<input type='hidden' value='63689846'/>03-Apr-2019\",\"currentRowHiddenData\" : \"<input type='hidden' name='hidJobSiteId' id='hidJobSiteId_445571'  value='445571_5283' /><input type='hidden' name='hidJobGQId'  value='0' />\"},{\"chkColumn\" : \"<div style='text-align:center'><input  type='checkbox' title='Select 33335br' id='446065' name='chkJobClientIds'  value='446065|1|0' aria-checked='false' role='checkbox' tabindex='-1' aria-label='Select 33335br'onClick=\\\"javascript:onCheckJob('446065',446065,'1','0','1', false);\\\" /></div>\",\"AutoReq\" : \"<input type='hidden' value=\\\"33335br\\\"></input><a tabindex='-1' aria-label=\\\"View job details for 33335BR\\\" id='viewjobdetails6' href=\\\"jobdetails.aspx?SID=%5ecxk4ebUYn2CHrE1lGJW14q1UFneq7zPjEAILZXPDDtNIwVZWXV6rSIJzlaLcdgpg&jobId=446065&type=search&JobReqLang=1&recordstart=1&JobSiteId=5283&JobSiteInfo=446065_5283&GQId=0\\\" >33335BR</a> \",\"JobTitle\" : \"SPI Analyst\",\"FORMTEXT12\" : \"India\",\"FORMTEXT7\" : \"Chennai\",\"FORMTEXT8\" : \"FGBS- Ford Global Business Services\",\"FORMTEXT19\" : \"Manufacturing\",\"PositionsRemaining\" : \"1\",\"LastUpdated\" : \"<input type='hidden' value='63689760'/>02-Apr-2019\",\"currentRowHiddenData\" : \"<input type='hidden' name='hidJobSiteId' id='hidJobSiteId_446065'  value='446065_5283' /><input type='hidden' name='hidJobGQId'  value='0' />\"},{\"chkColumn\" : \"<div style='text-align:center'><input  type='checkbox' title='Select 33227br' id='445400' name='chkJobClientIds'  value='445400|1|0' aria-checked='false' role='checkbox' tabindex='-1' aria-label='Select 33227br'onClick=\\\"javascript:onCheckJob('445400',445400,'1','0','1', false);\\\" /></div>\",\"AutoReq\" : \"<input type='hidden' value=\\\"33227br\\\"></input><a tabindex='-1' aria-label=\\\"View job details for 33227BR\\\" id='viewjobdetails7' href=\\\"jobdetails.aspx?SID=%5ecxk4ebUYn2CHrE1lGJW14q1UFneq7zPjEAILZXPDDtNIwVZWXV6rSIJzlaLcdgpg&jobId=445400&type=search&JobReqLang=1&recordstart=1&JobSiteId=5283&JobSiteInfo=445400_5283&GQId=0\\\" >33227BR</a> \",\"JobTitle\" : \"Security Analyst\",\"FORMTEXT12\" : \"India\",\"FORMTEXT7\" : \"Chennai\",\"FORMTEXT8\" : \"FGBS- Ford Global Business Services\",\"FORMTEXT19\" : \"IT\",\"PositionsRemaining\" : \"1\",\"LastUpdated\" : \"<input type='hidden' value='63689414'/>29-Mar-2019\",\"currentRowHiddenData\" : \"<input type='hidden' name='hidJobSiteId' id='hidJobSiteId_445400'  value='445400_5283' /><input type='hidden' name='hidJobGQId'  value='0' />\"},{\"chkColumn\" : \"<div style='text-align:center'><input  type='checkbox' title='Select 33228br' id='445401' name='chkJobClientIds'  value='445401|1|0' aria-checked='false' role='checkbox' tabindex='-1' aria-label='Select 33228br'onClick=\\\"javascript:onCheckJob('445401',445401,'1','0','1', false);\\\" /></div>\",\"AutoReq\" : \"<input type='hidden' value=\\\"33228br\\\"></input><a tabindex='-1' aria-label=\\\"View job details for 33228BR\\\" id='viewjobdetails8' href=\\\"jobdetails.aspx?SID=%5ecxk4ebUYn2CHrE1lGJW14q1UFneq7zPjEAILZXPDDtNIwVZWXV6rSIJzlaLcdgpg&jobId=445401&type=search&JobReqLang=1&recordstart=1&JobSiteId=5283&JobSiteInfo=445401_5283&GQId=0\\\" >33228BR</a> \",\"JobTitle\" : \"Security Analyst\",\"FORMTEXT12\" : \"India\",\"FORMTEXT7\" : \"Chennai\",\"FORMTEXT8\" : \"FGBS- Ford Global Business Services\",\"FORMTEXT19\" : \"IT\",\"PositionsRemaining\" : \"1\",\"LastUpdated\" : \"<input type='hidden' value='63689414'/>29-Mar-2019\",\"currentRowHiddenData\" : \"<input type='hidden' name='hidJobSiteId' id='hidJobSiteId_445401'  value='445401_5283' /><input type='hidden' name='hidJobGQId'  value='0' />\"},{\"chkColumn\" : \"<div style='text-align:center'><input  type='checkbox' title='Select 33230br' id='445402' name='chkJobClientIds'  value='445402|1|0' aria-checked='false' role='checkbox' tabindex='-1' aria-label='Select 33230br'onClick=\\\"javascript:onCheckJob('445402',445402,'1','0','1', false);\\\" /></div>\",\"AutoReq\" : \"<input type='hidden' value=\\\"33230br\\\"></input><a tabindex='-1' aria-label=\\\"View job details for 33230BR\\\" id='viewjobdetails9' href=\\\"jobdetails.aspx?SID=%5ecxk4ebUYn2CHrE1lGJW14q1UFneq7zPjEAILZXPDDtNIwVZWXV6rSIJzlaLcdgpg&jobId=445402&type=search&JobReqLang=1&recordstart=1&JobSiteId=5283&JobSiteInfo=445402_5283&GQId=0\\\" >33230BR</a> \",\"JobTitle\" : \"Global Incident Management Analyst\",\"FORMTEXT12\" : \"India\",\"FORMTEXT7\" : \"Chennai\",\"FORMTEXT8\" : \"FGBS- Ford Global Business Services\",\"FORMTEXT19\" : \"Information Technology\",\"PositionsRemaining\" : \"1\",\"LastUpdated\" : \"<input type='hidden' value='63689414'/>29-Mar-2019\",\"currentRowHiddenData\" : \"<input type='hidden' name='hidJobSiteId' id='hidJobSiteId_445402'  value='445402_5283' /><input type='hidden' name='hidJobGQId'  value='0' />\"},{\"chkColumn\" : \"<div style='text-align:center'><input  type='checkbox' title='Select 33229br' id='445403' name='chkJobClientIds'  value='445403|1|0' aria-checked='false' role='checkbox' tabindex='-1' aria-label='Select 33229br'onClick=\\\"javascript:onCheckJob('445403',445403,'1','0','1', false);\\\" /></div>\",\"AutoReq\" : \"<input type='hidden' value=\\\"33229br\\\"></input><a tabindex='-1' aria-label=\\\"View job details for 33229BR\\\" id='viewjobdetails10' href=\\\"jobdetails.aspx?SID=%5ecxk4ebUYn2CHrE1lGJW14q1UFneq7zPjEAILZXPDDtNIwVZWXV6rSIJzlaLcdgpg&jobId=445403&type=search&JobReqLang=1&recordstart=1&JobSiteId=5283&JobSiteInfo=445403_5283&GQId=0\\\" >33229BR</a> \",\"JobTitle\" : \"IT Operation Analyst\",\"FORMTEXT12\" : \"India\",\"FORMTEXT7\" : \"Chennai\",\"FORMTEXT8\" : \"FGBS- Ford Global Business Services\",\"FORMTEXT19\" : \"Information Technology\",\"PositionsRemaining\" : \"1\",\"LastUpdated\" : \"<input type='hidden' value='63689414'/>29-Mar-2019\",\"currentRowHiddenData\" : \"<input type='hidden' name='hidJobSiteId' id='hidJobSiteId_445403'  value='445403_5283' /><input type='hidden' name='hidJobGQId'  value='0' />\"},{\"chkColumn\" : \"<div style='text-align:center'><input  type='checkbox' title='Select 33232br' id='445423' name='chkJobClientIds'  value='445423|1|0' aria-checked='false' role='checkbox' tabindex='-1' aria-label='Select 33232br'onClick=\\\"javascript:onCheckJob('445423',445423,'1','0','1', false);\\\" /></div>\",\"AutoReq\" : \"<input type='hidden' value=\\\"33232br\\\"></input><a tabindex='-1' aria-label=\\\"View job details for 33232BR\\\" id='viewjobdetails11' href=\\\"jobdetails.aspx?SID=%5ecxk4ebUYn2CHrE1lGJW14q1UFneq7zPjEAILZXPDDtNIwVZWXV6rSIJzlaLcdgpg&jobId=445423&type=search&JobReqLang=1&recordstart=1&JobSiteId=5283&JobSiteInfo=445423_5283&GQId=0\\\" >33232BR</a> \",\"JobTitle\" : \"RPA Analyst\",\"FORMTEXT12\" : \"India\",\"FORMTEXT7\" : \"Chennai\",\"FORMTEXT8\" : \"FGBS- Ford Global Business Services\",\"FORMTEXT19\" : \"IT\",\"PositionsRemaining\" : \"1\",\"LastUpdated\" : \"<input type='hidden' value='63689414'/>29-Mar-2019\",\"currentRowHiddenData\" : \"<input type='hidden' name='hidJobSiteId' id='hidJobSiteId_445423'  value='445423_5283' /><input type='hidden' name='hidJobGQId'  value='0' />\"},{\"chkColumn\" : \"<div style='text-align:center'><input  type='checkbox' title='Select 33249br' id='445528' name='chkJobClientIds'  value='445528|1|0' aria-checked='false' role='checkbox' tabindex='-1' aria-label='Select 33249br'onClick=\\\"javascript:onCheckJob('445528',445528,'1','0','1', false);\\\" /></div>\",\"AutoReq\" : \"<input type='hidden' value=\\\"33249br\\\"></input><a tabindex='-1' aria-label=\\\"View job details for 33249BR\\\" id='viewjobdetails12' href=\\\"jobdetails.aspx?SID=%5ecxk4ebUYn2CHrE1lGJW14q1UFneq7zPjEAILZXPDDtNIwVZWXV6rSIJzlaLcdgpg&jobId=445528&type=search&JobReqLang=1&recordstart=1&JobSiteId=5283&JobSiteInfo=445528_5283&GQId=0\\\" >33249BR</a> \",\"JobTitle\" : \"Server Build Hosting Infra Review (HIR) Engineer \u2013 Windows\",\"FORMTEXT12\" : \"India\",\"FORMTEXT7\" : \"Chennai\",\"FORMTEXT8\" : \"FGBS- Ford Global Business Services\",\"FORMTEXT19\" : \"IT\",\"PositionsRemaining\" : \"1\",\"LastUpdated\" : \"<input type='hidden' value='63689414'/>29-Mar-2019\",\"currentRowHiddenData\" : \"<input type='hidden' name='hidJobSiteId' id='hidJobSiteId_445528'  value='445528_5283' /><input type='hidden' name='hidJobGQId'  value='0' />\"},{\"chkColumn\" : \"<div style='text-align:center'><input  type='checkbox' title='Select 33248br' id='445569' name='chkJobClientIds'  value='445569|1|0' aria-checked='false' role='checkbox' tabindex='-1' aria-label='Select 33248br'onClick=\\\"javascript:onCheckJob('445569',445569,'1','0','1', false);\\\" /></div>\",\"AutoReq\" : \"<input type='hidden' value=\\\"33248br\\\"></input><a tabindex='-1' aria-label=\\\"View job details for 33248BR\\\" id='viewjobdetails13' href=\\\"jobdetails.aspx?SID=%5ecxk4ebUYn2CHrE1lGJW14q1UFneq7zPjEAILZXPDDtNIwVZWXV6rSIJzlaLcdgpg&jobId=445569&type=search&JobReqLang=1&recordstart=1&JobSiteId=5283&JobSiteInfo=445569_5283&GQId=0\\\" >33248BR</a> \",\"JobTitle\" : \"Vault (Hashicorp) Engineer\",\"FORMTEXT12\" : \"India\",\"FORMTEXT7\" : \"Chennai\",\"FORMTEXT8\" : \"FGBS- Ford Global Business Services\",\"FORMTEXT19\" : \"IT\",\"PositionsRemaining\" : \"1\",\"LastUpdated\" : \"<input type='hidden' value='63689414'/>29-Mar-2019\",\"currentRowHiddenData\" : \"<input type='hidden' name='hidJobSiteId' id='hidJobSiteId_445569'  value='445569_5283' /><input type='hidden' name='hidJobGQId'  value='0' />\"},{\"chkColumn\" : \"<div style='text-align:center'><input  type='checkbox' title='Select 33250br' id='445570' name='chkJobClientIds'  value='445570|1|0' aria-checked='false' role='checkbox' tabindex='-1' aria-label='Select 33250br'onClick=\\\"javascript:onCheckJob('445570',445570,'1','0','1', false);\\\" /></div>\",\"AutoReq\" : \"<input type='hidden' value=\\\"33250br\\\"></input><a tabindex='-1' aria-label=\\\"View job details for 33250BR\\\" id='viewjobdetails14' href=\\\"jobdetails.aspx?SID=%5ecxk4ebUYn2CHrE1lGJW14q1UFneq7zPjEAILZXPDDtNIwVZWXV6rSIJzlaLcdgpg&jobId=445570&type=search&JobReqLang=1&recordstart=1&JobSiteId=5283&JobSiteInfo=445570_5283&GQId=0\\\" >33250BR</a> \",\"JobTitle\" : \"Cloud Automation Engineer\",\"FORMTEXT12\" : \"India\",\"FORMTEXT7\" : \"Chennai\",\"FORMTEXT8\" : \"FGBS- Ford Global Business Services\",\"FORMTEXT19\" : \"IT\",\"PositionsRemaining\" : \"1\",\"LastUpdated\" : \"<input type='hidden' value='63689414'/>29-Mar-2019\",\"currentRowHiddenData\" : \"<input type='hidden' name='hidJobSiteId' id='hidJobSiteId_445570'  value='445570_5283' /><input type='hidden' name='hidJobGQId'  value='0' />\"},{\"chkColumn\" : \"<div style='text-align:center'><input  type='checkbox' title='Select 33268br' id='445694' name='chkJobClientIds'  value='445694|1|0' aria-checked='false' role='checkbox' tabindex='-1' aria-label='Select 33268br'onClick=\\\"javascript:onCheckJob('445694',445694,'1','0','1', false);\\\" /></div>\",\"AutoReq\" : \"<input type='hidden' value=\\\"33268br\\\"></input><a tabindex='-1' aria-label=\\\"View job details for 33268BR\\\" id='viewjobdetails15' href=\\\"jobdetails.aspx?SID=%5ecxk4ebUYn2CHrE1lGJW14q1UFneq7zPjEAILZXPDDtNIwVZWXV6rSIJzlaLcdgpg&jobId=445694&type=search&JobReqLang=1&recordstart=1&JobSiteId=5283&JobSiteInfo=445694_5283&GQId=0\\\" >33268BR</a> \",\"JobTitle\" : \"Mainframe Operations Analyst\",\"FORMTEXT12\" : \"India\",\"FORMTEXT7\" : \"Chennai\",\"FORMTEXT8\" : \"FGBS- Ford Global Business Services\",\"FORMTEXT19\" : \"IT\",\"PositionsRemaining\" : \"1\",\"LastUpdated\" : \"<input type='hidden' value='63689414'/>29-Mar-2019\",\"currentRowHiddenData\" : \"<input type='hidden' name='hidJobSiteId' id='hidJobSiteId_445694'  value='445694_5283' /><input type='hidden' name='hidJobGQId'  value='0' />\"},{\"chkColumn\" : \"<div style='text-align:center'><input  type='checkbox' title='Select 33269br' id='445695' name='chkJobClientIds'  value='445695|1|0' aria-checked='false' role='checkbox' tabindex='-1' aria-label='Select 33269br'onClick=\\\"javascript:onCheckJob('445695',445695,'1','0','1', false);\\\" /></div>\",\"AutoReq\" : \"<input type='hidden' value=\\\"33269br\\\"></input><a tabindex='-1' aria-label=\\\"View job details for 33269BR\\\" id='viewjobdetails16' href=\\\"jobdetails.aspx?SID=%5ecxk4ebUYn2CHrE1lGJW14q1UFneq7zPjEAILZXPDDtNIwVZWXV6rSIJzlaLcdgpg&jobId=445695&type=search&JobReqLang=1&recordstart=1&JobSiteId=5283&JobSiteInfo=445695_5283&GQId=0\\\" >33269BR</a> \",\"JobTitle\" : \"IT Operations Engineer - PCF / CaaS\",\"FORMTEXT12\" : \"India\",\"FORMTEXT7\" : \"Chennai\",\"FORMTEXT8\" : \"FGBS- Ford Global Business Services\",\"FORMTEXT19\" : \"IT\",\"PositionsRemaining\" : \"1\",\"LastUpdated\" : \"<input type='hidden' value='63689414'/>29-Mar-2019\",\"currentRowHiddenData\" : \"<input type='hidden' name='hidJobSiteId' id='hidJobSiteId_445695'  value='445695_5283' /><input type='hidden' name='hidJobGQId'  value='0' />\"},{\"chkColumn\" : \"<div style='text-align:center'><input  type='checkbox' title='Select 33270br' id='445699' name='chkJobClientIds'  value='445699|1|0' aria-checked='false' role='checkbox' tabindex='-1' aria-label='Select 33270br'onClick=\\\"javascript:onCheckJob('445699',445699,'1','0','1', false);\\\" /></div>\",\"AutoReq\" : \"<input type='hidden' value=\\\"33270br\\\"></input><a tabindex='-1' aria-label=\\\"View job details for 33270BR\\\" id='viewjobdetails17' href=\\\"jobdetails.aspx?SID=%5ecxk4ebUYn2CHrE1lGJW14q1UFneq7zPjEAILZXPDDtNIwVZWXV6rSIJzlaLcdgpg&jobId=445699&type=search&JobReqLang=1&recordstart=1&JobSiteId=5283&JobSiteInfo=445699_5283&GQId=0\\\" >33270BR</a> \",\"JobTitle\" : \"IT Operations Analyst\",\"FORMTEXT12\" : \"India\",\"FORMTEXT7\" : \"Chennai\",\"FORMTEXT8\" : \"FGBS- Ford Global Business Services\",\"FORMTEXT19\" : \"IT\",\"PositionsRemaining\" : \"1\",\"LastUpdated\" : \"<input type='hidden' value='63689414'/>29-Mar-2019\",\"currentRowHiddenData\" : \"<input type='hidden' name='hidJobSiteId' id='hidJobSiteId_445699'  value='445699_5283' /><input type='hidden' name='hidJobGQId'  value='0' />\"},{\"chkColumn\" : \"<div style='text-align:center'><input  type='checkbox' title='Select 33283br' id='445793' name='chkJobClientIds'  value='445793|1|0' aria-checked='false' role='checkbox' tabindex='-1' aria-label='Select 33283br'onClick=\\\"javascript:onCheckJob('445793',445793,'1','0','1', false);\\\" /></div>\",\"AutoReq\" : \"<input type='hidden' value=\\\"33283br\\\"></input><a tabindex='-1' aria-label=\\\"View job details for 33283BR\\\" id='viewjobdetails18' href=\\\"jobdetails.aspx?SID=%5ecxk4ebUYn2CHrE1lGJW14q1UFneq7zPjEAILZXPDDtNIwVZWXV6rSIJzlaLcdgpg&jobId=445793&type=search&JobReqLang=1&recordstart=1&JobSiteId=5283&JobSiteInfo=445793_5283&GQId=0\\\" >33283BR</a> \",\"JobTitle\" : \"Linux / Unix L2 Engineer\",\"FORMTEXT12\" : \"India\",\"FORMTEXT7\" : \"Chennai\",\"FORMTEXT8\" : \"FGBS- Ford Global Business Services\",\"FORMTEXT19\" : \"Information Technology\",\"PositionsRemaining\" : \"1\",\"LastUpdated\" : \"<input type='hidden' value='63689414'/>29-Mar-2019\",\"currentRowHiddenData\" : \"<input type='hidden' name='hidJobSiteId' id='hidJobSiteId_445793'  value='445793_5283' /><input type='hidden' name='hidJobGQId'  value='0' />\"},{\"chkColumn\" : \"<div style='text-align:center'><input  type='checkbox' title='Select 33038br' id='443658' name='chkJobClientIds'  value='443658|1|0' aria-checked='false' role='checkbox' tabindex='-1' aria-label='Select 33038br'onClick=\\\"javascript:onCheckJob('443658',443658,'1','0','1', false);\\\" /></div>\",\"AutoReq\" : \"<input type='hidden' value=\\\"33038br\\\"></input><a tabindex='-1' aria-label=\\\"View job details for 33038BR\\\" id='viewjobdetails19' href=\\\"jobdetails.aspx?SID=%5ecxk4ebUYn2CHrE1lGJW14q1UFneq7zPjEAILZXPDDtNIwVZWXV6rSIJzlaLcdgpg&jobId=443658&type=search&JobReqLang=1&recordstart=1&JobSiteId=5283&JobSiteInfo=443658_5283&GQId=0\\\" >33038BR</a> \",\"JobTitle\" : \"Security & Controls Champion\",\"FORMTEXT12\" : \"India\",\"FORMTEXT7\" : \"Chennai\",\"FORMTEXT8\" : \"FGBS- Ford Global Business Services\",\"FORMTEXT19\" : \"IT\",\"PositionsRemaining\" : \"1\",\"LastUpdated\" : \"<input type='hidden' value='63689241'/>27-Mar-2019\",\"currentRowHiddenData\" : \"<input type='hidden' name='hidJobSiteId' id='hidJobSiteId_443658'  value='443658_5283' /><input type='hidden' name='hidJobGQId'  value='0' />\"},{\"chkColumn\" : \"<div style='text-align:center'><input  type='checkbox' title='Select 33103br' id='444382' name='chkJobClientIds'  value='444382|1|0' aria-checked='false' role='checkbox' tabindex='-1' aria-label='Select 33103br'onClick=\\\"javascript:onCheckJob('444382',444382,'1','0','1', false);\\\" /></div>\",\"AutoReq\" : \"<input type='hidden' value=\\\"33103br\\\"></input><a tabindex='-1' aria-label=\\\"View job details for 33103BR\\\" id='viewjobdetails20' href=\\\"jobdetails.aspx?SID=%5ecxk4ebUYn2CHrE1lGJW14q1UFneq7zPjEAILZXPDDtNIwVZWXV6rSIJzlaLcdgpg&jobId=444382&type=search&JobReqLang=1&recordstart=1&JobSiteId=5283&JobSiteInfo=444382_5283&GQId=0\\\" >33103BR</a> \",\"JobTitle\" : \"MP&L WERS Releasing Analyst\",\"FORMTEXT12\" : \"India\",\"FORMTEXT7\" : \"Chennai\",\"FORMTEXT8\" : \"FGBS- Ford Global Business Services\",\"FORMTEXT19\" : \"Manufacturing\",\"PositionsRemaining\" : \"1\",\"LastUpdated\" : \"<input type='hidden' value='63689241'/>27-Mar-2019\",\"currentRowHiddenData\" : \"<input type='hidden' name='hidJobSiteId' id='hidJobSiteId_444382'  value='444382_5283' /><input type='hidden' name='hidJobGQId'  value='0' />\"},{\"chkColumn\" : \"<div style='text-align:center'><input  type='checkbox' title='Select 33220br' id='445267' name='chkJobClientIds'  value='445267|1|0' aria-checked='false' role='checkbox' tabindex='-1' aria-label='Select 33220br'onClick=\\\"javascript:onCheckJob('445267',445267,'1','0','1', false);\\\" /></div>\",\"AutoReq\" : \"<input type='hidden' value=\\\"33220br\\\"></input><a tabindex='-1' aria-label=\\\"View job details for 33220BR\\\" id='viewjobdetails21' href=\\\"jobdetails.aspx?SID=%5ecxk4ebUYn2CHrE1lGJW14q1UFneq7zPjEAILZXPDDtNIwVZWXV6rSIJzlaLcdgpg&jobId=445267&type=search&JobReqLang=1&recordstart=1&JobSiteId=5283&JobSiteInfo=445267_5283&GQId=0\\\" >33220BR</a> \",\"JobTitle\" : \"BOM Validation & Pre-Prod analyst\",\"FORMTEXT12\" : \"India\",\"FORMTEXT7\" : \"Chennai\",\"FORMTEXT8\" : \"FGBS- Ford Global Business Services\",\"FORMTEXT19\" : \"Manufacturing\",\"PositionsRemaining\" : \"1\",\"LastUpdated\" : \"<input type='hidden' value='63689068'/>25-Mar-2019\",\"currentRowHiddenData\" : \"<input type='hidden' name='hidJobSiteId' id='hidJobSiteId_445267'  value='445267_5283' /><input type='hidden' name='hidJobGQId'  value='0' />\"},{\"chkColumn\" : \"<div style='text-align:center'><input  type='checkbox' title='Select 33254br' id='445578' name='chkJobClientIds'  value='445578|1|0' aria-checked='false' role='checkbox' tabindex='-1' aria-label='Select 33254br'onClick=\\\"javascript:onCheckJob('445578',445578,'1','0','1', false);\\\" /></div>\",\"AutoReq\" : \"<input type='hidden' value=\\\"33254br\\\"></input><a tabindex='-1' aria-label=\\\"View job details for 33254BR\\\" id='viewjobdetails22' href=\\\"jobdetails.aspx?SID=%5ecxk4ebUYn2CHrE1lGJW14q1UFneq7zPjEAILZXPDDtNIwVZWXV6rSIJzlaLcdgpg&jobId=445578&type=search&JobReqLang=1&recordstart=1&JobSiteId=5283&JobSiteInfo=445578_5283&GQId=0\\\" >33254BR</a> \",\"JobTitle\" : \"Analytics Modeler\",\"FORMTEXT12\" : \"India\",\"FORMTEXT7\" : \"Chennai\",\"FORMTEXT8\" : \"FGBS- Ford Global Business Services\",\"FORMTEXT19\" : \"GDIA\",\"PositionsRemaining\" : \"1\",\"LastUpdated\" : \"<input type='hidden' value='63689068'/>25-Mar-2019\",\"currentRowHiddenData\" : \"<input type='hidden' name='hidJobSiteId' id='hidJobSiteId_445578'  value='445578_5283' /><input type='hidden' name='hidJobGQId'  value='0' />\"},{\"chkColumn\" : \"<div style='text-align:center'><input  type='checkbox' title='Select 33255br' id='445579' name='chkJobClientIds'  value='445579|1|0' aria-checked='false' role='checkbox' tabindex='-1' aria-label='Select 33255br'onClick=\\\"javascript:onCheckJob('445579',445579,'1','0','1', false);\\\" /></div>\",\"AutoReq\" : \"<input type='hidden' value=\\\"33255br\\\"></input><a tabindex='-1' aria-label=\\\"View job details for 33255BR\\\" id='viewjobdetails23' href=\\\"jobdetails.aspx?SID=%5ecxk4ebUYn2CHrE1lGJW14q1UFneq7zPjEAILZXPDDtNIwVZWXV6rSIJzlaLcdgpg&jobId=445579&type=search&JobReqLang=1&recordstart=1&JobSiteId=5283&JobSiteInfo=445579_5283&GQId=0\\\" >33255BR</a> \",\"JobTitle\" : \"Analytics Modeler\",\"FORMTEXT12\" : \"India\",\"FORMTEXT7\" : \"Chennai\",\"FORMTEXT8\" : \"FGBS- Ford Global Business Services\",\"FORMTEXT19\" : \"GDIA\",\"PositionsRemaining\" : \"1\",\"LastUpdated\" : \"<input type='hidden' value='63689068'/>25-Mar-2019\",\"currentRowHiddenData\" : \"<input type='hidden' name='hidJobSiteId' id='hidJobSiteId_445579'  value='445579_5283' /><input type='hidden' name='hidJobGQId'  value='0' />\"},{\"chkColumn\" : \"<div style='text-align:center'><input  type='checkbox' title='Select 33256br' id='445581' name='chkJobClientIds'  value='445581|1|0' aria-checked='false' role='checkbox' tabindex='-1' aria-label='Select 33256br'onClick=\\\"javascript:onCheckJob('445581',445581,'1','0','1', false);\\\" /></div>\",\"AutoReq\" : \"<input type='hidden' value=\\\"33256br\\\"></input><a tabindex='-1' aria-label=\\\"View job details for 33256BR\\\" id='viewjobdetails24' href=\\\"jobdetails.aspx?SID=%5ecxk4ebUYn2CHrE1lGJW14q1UFneq7zPjEAILZXPDDtNIwVZWXV6rSIJzlaLcdgpg&jobId=445581&type=search&JobReqLang=1&recordstart=1&JobSiteId=5283&JobSiteInfo=445581_5283&GQId=0\\\" >33256BR</a> \",\"JobTitle\" : \"Analytics Modeler\",\"FORMTEXT12\" : \"India\",\"FORMTEXT7\" : \"Chennai\",\"FORMTEXT8\" : \"FGBS- Ford Global Business Services\",\"FORMTEXT19\" : \"GDIA\",\"PositionsRemaining\" : \"1\",\"LastUpdated\" : \"<input type='hidden' value='63689068'/>25-Mar-2019\",\"currentRowHiddenData\" : \"<input type='hidden' name='hidJobSiteId' id='hidJobSiteId_445581'  value='445581_5283' /><input type='hidden' name='hidJobGQId'  value='0' />\"},{\"chkColumn\" : \"<div style='text-align:center'><input  type='checkbox' title='Select 33257br' id='445582' name='chkJobClientIds'  value='445582|1|0' aria-checked='false' role='checkbox' tabindex='-1' aria-label='Select 33257br'onClick=\\\"javascript:onCheckJob('445582',445582,'1','0','1', false);\\\" /></div>\",\"AutoReq\" : \"<input type='hidden' value=\\\"33257br\\\"></input><a tabindex='-1' aria-label=\\\"View job details for 33257BR\\\" id='viewjobdetails25' href=\\\"jobdetails.aspx?SID=%5ecxk4ebUYn2CHrE1lGJW14q1UFneq7zPjEAILZXPDDtNIwVZWXV6rSIJzlaLcdgpg&jobId=445582&type=search&JobReqLang=1&recordstart=1&JobSiteId=5283&JobSiteInfo=445582_5283&GQId=0\\\" >33257BR</a> \",\"JobTitle\" : \"Analytics Modeler\",\"FORMTEXT12\" : \"India\",\"FORMTEXT7\" : \"Chennai\",\"FORMTEXT8\" : \"FGBS- Ford Global Business Services\",\"FORMTEXT19\" : \"GDIA\",\"PositionsRemaining\" : \"1\",\"LastUpdated\" : \"<input type='hidden' value='63689068'/>25-Mar-2019\",\"currentRowHiddenData\" : \"<input type='hidden' name='hidJobSiteId' id='hidJobSiteId_445582'  value='445582_5283' /><input type='hidden' name='hidJobGQId'  value='0' />\"},{\"chkColumn\" : \"<div style='text-align:center'><input  type='checkbox' title='Select 33347br' id='446156' name='chkJobClientIds'  value='446156|1|0' aria-checked='false' role='checkbox' tabindex='-1' aria-label='Select 33347br'onClick=\\\"javascript:onCheckJob('446156',446156,'1','0','1', false);\\\" /></div>\",\"AutoReq\" : \"<input type='hidden' value=\\\"33347br\\\"></input><a tabindex='-1' aria-label=\\\"View job details for 33347BR\\\" id='viewjobdetails26' href=\\\"jobdetails.aspx?SID=%5ecxk4ebUYn2CHrE1lGJW14q1UFneq7zPjEAILZXPDDtNIwVZWXV6rSIJzlaLcdgpg&jobId=446156&type=search&JobReqLang=1&recordstart=1&JobSiteId=5283&JobSiteInfo=446156_5283&GQId=0\\\" >33347BR</a> \",\"JobTitle\" : \"Data Operations Analyst\",\"FORMTEXT12\" : \"India\",\"FORMTEXT7\" : \"Chennai\",\"FORMTEXT8\" : \"FBSC - Ford Business Services Center\",\"FORMTEXT19\" : \"GDIA\",\"PositionsRemaining\" : \"1\",\"LastUpdated\" : \"<input type='hidden' value='63689068'/>25-Mar-2019\",\"currentRowHiddenData\" : \"<input type='hidden' name='hidJobSiteId' id='hidJobSiteId_446156'  value='446156_5283' /><input type='hidden' name='hidJobGQId'  value='0' />\"},{\"chkColumn\" : \"<div style='text-align:center'><input  type='checkbox' title='Select 33348br' id='446157' name='chkJobClientIds'  value='446157|1|0' aria-checked='false' role='checkbox' tabindex='-1' aria-label='Select 33348br'onClick=\\\"javascript:onCheckJob('446157',446157,'1','0','1', false);\\\" /></div>\",\"AutoReq\" : \"<input type='hidden' value=\\\"33348br\\\"></input><a tabindex='-1' aria-label=\\\"View job details for 33348BR\\\" id='viewjobdetails27' href=\\\"jobdetails.aspx?SID=%5ecxk4ebUYn2CHrE1lGJW14q1UFneq7zPjEAILZXPDDtNIwVZWXV6rSIJzlaLcdgpg&jobId=446157&type=search&JobReqLang=1&recordstart=1&JobSiteId=5283&JobSiteInfo=446157_5283&GQId=0\\\" >33348BR</a> \",\"JobTitle\" : \"Data Operations Analyst\",\"FORMTEXT12\" : \"India\",\"FORMTEXT7\" : \"Chennai\",\"FORMTEXT8\" : \"FGBS- Ford Global Business Services\",\"FORMTEXT19\" : \"GDIA\",\"PositionsRemaining\" : \"1\",\"LastUpdated\" : \"<input type='hidden' value='63689068'/>25-Mar-2019\",\"currentRowHiddenData\" : \"<input type='hidden' name='hidJobSiteId' id='hidJobSiteId_446157'  value='446157_5283' /><input type='hidden' name='hidJobGQId'  value='0' />\"},{\"chkColumn\" : \"<div style='text-align:center'><input  type='checkbox' title='Select 33349br' id='446158' name='chkJobClientIds'  value='446158|1|0' aria-checked='false' role='checkbox' tabindex='-1' aria-label='Select 33349br'onClick=\\\"javascript:onCheckJob('446158',446158,'1','0','1', false);\\\" /></div>\",\"AutoReq\" : \"<input type='hidden' value=\\\"33349br\\\"></input><a tabindex='-1' aria-label=\\\"View job details for 33349BR\\\" id='viewjobdetails28' href=\\\"jobdetails.aspx?SID=%5ecxk4ebUYn2CHrE1lGJW14q1UFneq7zPjEAILZXPDDtNIwVZWXV6rSIJzlaLcdgpg&jobId=446158&type=search&JobReqLang=1&recordstart=1&JobSiteId=5283&JobSiteInfo=446158_5283&GQId=0\\\" >33349BR</a> \",\"JobTitle\" : \"Data Operation Analyst\",\"FORMTEXT12\" : \"India\",\"FORMTEXT7\" : \"Chennai\",\"FORMTEXT8\" : \"FGBS- Ford Global Business Services\",\"FORMTEXT19\" : \"GDIA\",\"PositionsRemaining\" : \"1\",\"LastUpdated\" : \"<input type='hidden' value='63689068'/>25-Mar-2019\",\"currentRowHiddenData\" : \"<input type='hidden' name='hidJobSiteId' id='hidJobSiteId_446158'  value='446158_5283' /><input type='hidden' name='hidJobGQId'  value='0' />\"},{\"chkColumn\" : \"<div style='text-align:center'><input  type='checkbox' title='Select 33350br' id='446159' name='chkJobClientIds'  value='446159|1|0' aria-checked='false' role='checkbox' tabindex='-1' aria-label='Select 33350br'onClick=\\\"javascript:onCheckJob('446159',446159,'1','0','1', false);\\\" /></div>\",\"AutoReq\" : \"<input type='hidden' value=\\\"33350br\\\"></input><a tabindex='-1' aria-label=\\\"View job details for 33350BR\\\" id='viewjobdetails29' href=\\\"jobdetails.aspx?SID=%5ecxk4ebUYn2CHrE1lGJW14q1UFneq7zPjEAILZXPDDtNIwVZWXV6rSIJzlaLcdgpg&jobId=446159&type=search&JobReqLang=1&recordstart=1&JobSiteId=5283&JobSiteInfo=446159_5283&GQId=0\\\" >33350BR</a> \",\"JobTitle\" : \"Data Operations Analyst\",\"FORMTEXT12\" : \"India\",\"FORMTEXT7\" : \"Chennai\",\"FORMTEXT8\" : \"FGBS- Ford Global Business Services\",\"FORMTEXT19\" : \"GDIA\",\"PositionsRemaining\" : \"1\",\"LastUpdated\" : \"<input type='hidden' value='63689068'/>25-Mar-2019\",\"currentRowHiddenData\" : \"<input type='hidden' name='hidJobSiteId' id='hidJobSiteId_446159'  value='446159_5283' /><input type='hidden' name='hidJobGQId'  value='0' />\"},{\"chkColumn\" : \"<div style='text-align:center'><input  type='checkbox' title='Select 33351br' id='446160' name='chkJobClientIds'  value='446160|1|0' aria-checked='false' role='checkbox' tabindex='-1' aria-label='Select 33351br'onClick=\\\"javascript:onCheckJob('446160',446160,'1','0','1', false);\\\" /></div>\",\"AutoReq\" : \"<input type='hidden' value=\\\"33351br\\\"></input><a tabindex='-1' aria-label=\\\"View job details for 33351BR\\\" id='viewjobdetails30' href=\\\"jobdetails.aspx?SID=%5ecxk4ebUYn2CHrE1lGJW14q1UFneq7zPjEAILZXPDDtNIwVZWXV6rSIJzlaLcdgpg&jobId=446160&type=search&JobReqLang=1&recordstart=1&JobSiteId=5283&JobSiteInfo=446160_5283&GQId=0\\\" >33351BR</a> \",\"JobTitle\" : \"Data Operation Analyst\",\"FORMTEXT12\" : \"India\",\"FORMTEXT7\" : \"Chennai\",\"FORMTEXT8\" : \"FGBS- Ford Global Business Services\",\"FORMTEXT19\" : \"GDIA\",\"PositionsRemaining\" : \"1\",\"LastUpdated\" : \"<input type='hidden' value='63689068'/>25-Mar-2019\",\"currentRowHiddenData\" : \"<input type='hidden' name='hidJobSiteId' id='hidJobSiteId_446160'  value='446160_5283' /><input type='hidden' name='hidJobGQId'  value='0' />\"},{\"chkColumn\" : \"<div style='text-align:center'><input  type='checkbox' title='Select 33430br' id='446568' name='chkJobClientIds'  value='446568|1|0' aria-checked='false' role='checkbox' tabindex='-1' aria-label='Select 33430br'onClick=\\\"javascript:onCheckJob('446568',446568,'1','0','1', false);\\\" /></div>\",\"AutoReq\" : \"<input type='hidden' value=\\\"33430br\\\"></input><a tabindex='-1' aria-label=\\\"View job details for 33430BR\\\" id='viewjobdetails31' href=\\\"jobdetails.aspx?SID=%5ecxk4ebUYn2CHrE1lGJW14q1UFneq7zPjEAILZXPDDtNIwVZWXV6rSIJzlaLcdgpg&jobId=446568&type=search&JobReqLang=1&recordstart=1&JobSiteId=5283&JobSiteInfo=446568_5283&GQId=0\\\" >33430BR</a> \",\"JobTitle\" : \"Analyst\",\"FORMTEXT12\" : \"India\",\"FORMTEXT7\" : \"Chennai\",\"FORMTEXT8\" : \"FGBS- Ford Global Business Services\",\"FORMTEXT19\" : \"GDIA\",\"PositionsRemaining\" : \"1\",\"LastUpdated\" : \"<input type='hidden' value='63689068'/>25-Mar-2019\",\"currentRowHiddenData\" : \"<input type='hidden' name='hidJobSiteId' id='hidJobSiteId_446568'  value='446568_5283' /><input type='hidden' name='hidJobGQId'  value='0' />\"},{\"chkColumn\" : \"<div style='text-align:center'><input  type='checkbox' title='Select 33431br' id='446569' name='chkJobClientIds'  value='446569|1|0' aria-checked='false' role='checkbox' tabindex='-1' aria-label='Select 33431br'onClick=\\\"javascript:onCheckJob('446569',446569,'1','0','1', false);\\\" /></div>\",\"AutoReq\" : \"<input type='hidden' value=\\\"33431br\\\"></input><a tabindex='-1' aria-label=\\\"View job details for 33431BR\\\" id='viewjobdetails32' href=\\\"jobdetails.aspx?SID=%5ecxk4ebUYn2CHrE1lGJW14q1UFneq7zPjEAILZXPDDtNIwVZWXV6rSIJzlaLcdgpg&jobId=446569&type=search&JobReqLang=1&recordstart=1&JobSiteId=5283&JobSiteInfo=446569_5283&GQId=0\\\" >33431BR</a> \",\"JobTitle\" : \"Analyst\",\"FORMTEXT12\" : \"India\",\"FORMTEXT7\" : \"Chennai\",\"FORMTEXT8\" : \"FGBS- Ford Global Business Services\",\"FORMTEXT19\" : \"GDIA\",\"PositionsRemaining\" : \"1\",\"LastUpdated\" : \"<input type='hidden' value='63689068'/>25-Mar-2019\",\"currentRowHiddenData\" : \"<input type='hidden' name='hidJobSiteId' id='hidJobSiteId_446569'  value='446569_5283' /><input type='hidden' name='hidJobGQId'  value='0' />\"},{\"chkColumn\" : \"<div style='text-align:center'><input  type='checkbox' title='Select 33433br' id='446571' name='chkJobClientIds'  value='446571|1|0' aria-checked='false' role='checkbox' tabindex='-1' aria-label='Select 33433br'onClick=\\\"javascript:onCheckJob('446571',446571,'1','0','1', false);\\\" /></div>\",\"AutoReq\" : \"<input type='hidden' value=\\\"33433br\\\"></input><a tabindex='-1' aria-label=\\\"View job details for 33433BR\\\" id='viewjobdetails33' href=\\\"jobdetails.aspx?SID=%5ecxk4ebUYn2CHrE1lGJW14q1UFneq7zPjEAILZXPDDtNIwVZWXV6rSIJzlaLcdgpg&jobId=446571&type=search&JobReqLang=1&recordstart=1&JobSiteId=5283&JobSiteInfo=446571_5283&GQId=0\\\" >33433BR</a> \",\"JobTitle\" : \"Analyst\",\"FORMTEXT12\" : \"India\",\"FORMTEXT7\" : \"Chennai\",\"FORMTEXT8\" : \"FGBS- Ford Global Business Services\",\"FORMTEXT19\" : \"GDIA\",\"PositionsRemaining\" : \"1\",\"LastUpdated\" : \"<input type='hidden' value='63689068'/>25-Mar-2019\",\"currentRowHiddenData\" : \"<input type='hidden' name='hidJobSiteId' id='hidJobSiteId_446571'  value='446571_5283' /><input type='hidden' name='hidJobGQId'  value='0' />\"},{\"chkColumn\" : \"<div style='text-align:center'><input  type='checkbox' title='Select 33435br' id='446573' name='chkJobClientIds'  value='446573|1|0' aria-checked='false' role='checkbox' tabindex='-1' aria-label='Select 33435br'onClick=\\\"javascript:onCheckJob('446573',446573,'1','0','1', false);\\\" /></div>\",\"AutoReq\" : \"<input type='hidden' value=\\\"33435br\\\"></input><a tabindex='-1' aria-label=\\\"View job details for 33435BR\\\" id='viewjobdetails34' href=\\\"jobdetails.aspx?SID=%5ecxk4ebUYn2CHrE1lGJW14q1UFneq7zPjEAILZXPDDtNIwVZWXV6rSIJzlaLcdgpg&jobId=446573&type=search&JobReqLang=1&recordstart=1&JobSiteId=5283&JobSiteInfo=446573_5283&GQId=0\\\" >33435BR</a> \",\"JobTitle\" : \"Analyst\",\"FORMTEXT12\" : \"India\",\"FORMTEXT7\" : \"Chennai\",\"FORMTEXT8\" : \"FGBS- Ford Global Business Services\",\"FORMTEXT19\" : \"GDIA\",\"PositionsRemaining\" : \"1\",\"LastUpdated\" : \"<input type='hidden' value='63689068'/>25-Mar-2019\",\"currentRowHiddenData\" : \"<input type='hidden' name='hidJobSiteId' id='hidJobSiteId_446573'  value='446573_5283' /><input type='hidden' name='hidJobGQId'  value='0' />\"},{\"chkColumn\" : \"<div style='text-align:center'><input  type='checkbox' title='Select 33440br' id='446578' name='chkJobClientIds'  value='446578|1|0' aria-checked='false' role='checkbox' tabindex='-1' aria-label='Select 33440br'onClick=\\\"javascript:onCheckJob('446578',446578,'1','0','1', false);\\\" /></div>\",\"AutoReq\" : \"<input type='hidden' value=\\\"33440br\\\"></input><a tabindex='-1' aria-label=\\\"View job details for 33440BR\\\" id='viewjobdetails35' href=\\\"jobdetails.aspx?SID=%5ecxk4ebUYn2CHrE1lGJW14q1UFneq7zPjEAILZXPDDtNIwVZWXV6rSIJzlaLcdgpg&jobId=446578&type=search&JobReqLang=1&recordstart=1&JobSiteId=5283&JobSiteInfo=446578_5283&GQId=0\\\" >33440BR</a> \",\"JobTitle\" : \"Analyst\",\"FORMTEXT12\" : \"India\",\"FORMTEXT7\" : \"Chennai\",\"FORMTEXT8\" : \"FGBS- Ford Global Business Services\",\"FORMTEXT19\" : \"GDIA\",\"PositionsRemaining\" : \"1\",\"LastUpdated\" : \"<input type='hidden' value='63689068'/>25-Mar-2019\",\"currentRowHiddenData\" : \"<input type='hidden' name='hidJobSiteId' id='hidJobSiteId_446578'  value='446578_5283' /><input type='hidden' name='hidJobGQId'  value='0' />\"},{\"chkColumn\" : \"<div style='text-align:center'><input  type='checkbox' title='Select 33441br' id='446579' name='chkJobClientIds'  value='446579|1|0' aria-checked='false' role='checkbox' tabindex='-1' aria-label='Select 33441br'onClick=\\\"javascript:onCheckJob('446579',446579,'1','0','1', false);\\\" /></div>\",\"AutoReq\" : \"<input type='hidden' value=\\\"33441br\\\"></input><a tabindex='-1' aria-label=\\\"View job details for 33441BR\\\" id='viewjobdetails36' href=\\\"jobdetails.aspx?SID=%5ecxk4ebUYn2CHrE1lGJW14q1UFneq7zPjEAILZXPDDtNIwVZWXV6rSIJzlaLcdgpg&jobId=446579&type=search&JobReqLang=1&recordstart=1&JobSiteId=5283&JobSiteInfo=446579_5283&GQId=0\\\" >33441BR</a> \",\"JobTitle\" : \"Analyst\",\"FORMTEXT12\" : \"India\",\"FORMTEXT7\" : \"Chennai\",\"FORMTEXT8\" : \"FGBS- Ford Global Business Services\",\"FORMTEXT19\" : \"GDIA\",\"PositionsRemaining\" : \"1\",\"LastUpdated\" : \"<input type='hidden' value='63689068'/>25-Mar-2019\",\"currentRowHiddenData\" : \"<input type='hidden' name='hidJobSiteId' id='hidJobSiteId_446579'  value='446579_5283' /><input type='hidden' name='hidJobGQId'  value='0' />\"},{\"chkColumn\" : \"<div style='text-align:center'><input  type='checkbox' title='Select 33442br' id='446580' name='chkJobClientIds'  value='446580|1|0' aria-checked='false' role='checkbox' tabindex='-1' aria-label='Select 33442br'onClick=\\\"javascript:onCheckJob('446580',446580,'1','0','1', false);\\\" /></div>\",\"AutoReq\" : \"<input type='hidden' value=\\\"33442br\\\"></input><a tabindex='-1' aria-label=\\\"View job details for 33442BR\\\" id='viewjobdetails37' href=\\\"jobdetails.aspx?SID=%5ecxk4ebUYn2CHrE1lGJW14q1UFneq7zPjEAILZXPDDtNIwVZWXV6rSIJzlaLcdgpg&jobId=446580&type=search&JobReqLang=1&recordstart=1&JobSiteId=5283&JobSiteInfo=446580_5283&GQId=0\\\" >33442BR</a> \",\"JobTitle\" : \"Analyst\",\"FORMTEXT12\" : \"India\",\"FORMTEXT7\" : \"Chennai\",\"FORMTEXT8\" : \"FGBS- Ford Global Business Services\",\"FORMTEXT19\" : \"GDIA\",\"PositionsRemaining\" : \"1\",\"LastUpdated\" : \"<input type='hidden' value='63689068'/>25-Mar-2019\",\"currentRowHiddenData\" : \"<input type='hidden' name='hidJobSiteId' id='hidJobSiteId_446580'  value='446580_5283' /><input type='hidden' name='hidJobGQId'  value='0' />\"},{\"chkColumn\" : \"<div style='text-align:center'><input  type='checkbox' title='Select 33443br' id='446581' name='chkJobClientIds'  value='446581|1|0' aria-checked='false' role='checkbox' tabindex='-1' aria-label='Select 33443br'onClick=\\\"javascript:onCheckJob('446581',446581,'1','0','1', false);\\\" /></div>\",\"AutoReq\" : \"<input type='hidden' value=\\\"33443br\\\"></input><a tabindex='-1' aria-label=\\\"View job details for 33443BR\\\" id='viewjobdetails38' href=\\\"jobdetails.aspx?SID=%5ecxk4ebUYn2CHrE1lGJW14q1UFneq7zPjEAILZXPDDtNIwVZWXV6rSIJzlaLcdgpg&jobId=446581&type=search&JobReqLang=1&recordstart=1&JobSiteId=5283&JobSiteInfo=446581_5283&GQId=0\\\" >33443BR</a> \",\"JobTitle\" : \"Analyst\",\"FORMTEXT12\" : \"India\",\"FORMTEXT7\" : \"Chennai\",\"FORMTEXT8\" : \"FGBS- Ford Global Business Services\",\"FORMTEXT19\" : \"GDIA\",\"PositionsRemaining\" : \"1\",\"LastUpdated\" : \"<input type='hidden' value='63689068'/>25-Mar-2019\",\"currentRowHiddenData\" : \"<input type='hidden' name='hidJobSiteId' id='hidJobSiteId_446581'  value='446581_5283' /><input type='hidden' name='hidJobGQId'  value='0' />\"},{\"chkColumn\" : \"<div style='text-align:center'><input  type='checkbox' title='Select 33444br' id='446582' name='chkJobClientIds'  value='446582|1|0' aria-checked='false' role='checkbox' tabindex='-1' aria-label='Select 33444br'onClick=\\\"javascript:onCheckJob('446582',446582,'1','0','1', false);\\\" /></div>\",\"AutoReq\" : \"<input type='hidden' value=\\\"33444br\\\"></input><a tabindex='-1' aria-label=\\\"View job details for 33444BR\\\" id='viewjobdetails39' href=\\\"jobdetails.aspx?SID=%5ecxk4ebUYn2CHrE1lGJW14q1UFneq7zPjEAILZXPDDtNIwVZWXV6rSIJzlaLcdgpg&jobId=446582&type=search&JobReqLang=1&recordstart=1&JobSiteId=5283&JobSiteInfo=446582_5283&GQId=0\\\" >33444BR</a> \",\"JobTitle\" : \"Analyst\",\"FORMTEXT12\" : \"India\",\"FORMTEXT7\" : \"Chennai\",\"FORMTEXT8\" : \"FGBS- Ford Global Business Services\",\"FORMTEXT19\" : \"GDIA\",\"PositionsRemaining\" : \"1\",\"LastUpdated\" : \"<input type='hidden' value='63689068'/>25-Mar-2019\",\"currentRowHiddenData\" : \"<input type='hidden' name='hidJobSiteId' id='hidJobSiteId_446582'  value='446582_5283' /><input type='hidden' name='hidJobGQId'  value='0' />\"},{\"chkColumn\" : \"<div style='text-align:center'><input  type='checkbox' title='Select 33324br' id='445915' name='chkJobClientIds'  value='445915|1|0' aria-checked='false' role='checkbox' tabindex='-1' aria-label='Select 33324br'onClick=\\\"javascript:onCheckJob('445915',445915,'1','0','1', false);\\\" /></div>\",\"AutoReq\" : \"<input type='hidden' value=\\\"33324br\\\"></input><a tabindex='-1' aria-label=\\\"View job details for 33324BR\\\" id='viewjobdetails40' href=\\\"jobdetails.aspx?SID=%5ecxk4ebUYn2CHrE1lGJW14q1UFneq7zPjEAILZXPDDtNIwVZWXV6rSIJzlaLcdgpg&jobId=445915&type=search&JobReqLang=1&recordstart=1&JobSiteId=5283&JobSiteInfo=445915_5283&GQId=0\\\" >33324BR</a> \",\"JobTitle\" : \"Team Leader - Account Reconciliation\",\"FORMTEXT12\" : \"India\",\"FORMTEXT7\" : \"Chennai\",\"FORMTEXT8\" : \"FGBS- Ford Global Business Services\",\"FORMTEXT19\" : \"Credit\",\"PositionsRemaining\" : \"1\",\"LastUpdated\" : \"<input type='hidden' value='63688723'/>21-Mar-2019\",\"currentRowHiddenData\" : \"<input type='hidden' name='hidJobSiteId' id='hidJobSiteId_445915'  value='445915_5283' /><input type='hidden' name='hidJobGQId'  value='0' />\"},{\"chkColumn\" : \"<div style='text-align:center'><input  type='checkbox' title='Select 32832br' id='441852' name='chkJobClientIds'  value='441852|1|0' aria-checked='false' role='checkbox' tabindex='-1' aria-label='Select 32832br'onClick=\\\"javascript:onCheckJob('441852',441852,'1','0','1', false);\\\" /></div>\",\"AutoReq\" : \"<input type='hidden' value=\\\"32832br\\\"></input><a tabindex='-1' aria-label=\\\"View job details for 32832BR\\\" id='viewjobdetails41' href=\\\"jobdetails.aspx?SID=%5ecxk4ebUYn2CHrE1lGJW14q1UFneq7zPjEAILZXPDDtNIwVZWXV6rSIJzlaLcdgpg&jobId=441852&type=search&JobReqLang=1&recordstart=1&JobSiteId=5283&JobSiteInfo=441852_5283&GQId=0\\\" >32832BR</a> \",\"JobTitle\" : \"German Linguist\",\"FORMTEXT12\" : \"India\",\"FORMTEXT7\" : \"Chennai\",\"FORMTEXT8\" : \"FGBS- Ford Global Business Services\",\"FORMTEXT19\" : \"Finance\",\"PositionsRemaining\" : \"1\",\"LastUpdated\" : \"<input type='hidden' value='63687945'/>12-Mar-2019\",\"currentRowHiddenData\" : \"<input type='hidden' name='hidJobSiteId' id='hidJobSiteId_441852'  value='441852_5283' /><input type='hidden' name='hidJobGQId'  value='0' />\"},{\"chkColumn\" : \"<div style='text-align:center'><input  type='checkbox' title='Select 32060br' id='433504' name='chkJobClientIds'  value='433504|1|0' aria-checked='false' role='checkbox' tabindex='-1' aria-label='Select 32060br'onClick=\\\"javascript:onCheckJob('433504',433504,'1','0','1', false);\\\" /></div>\",\"AutoReq\" : \"<input type='hidden' value=\\\"32060br\\\"></input><a tabindex='-1' aria-label=\\\"View job details for 32060BR\\\" id='viewjobdetails42' href=\\\"jobdetails.aspx?SID=%5ecxk4ebUYn2CHrE1lGJW14q1UFneq7zPjEAILZXPDDtNIwVZWXV6rSIJzlaLcdgpg&jobId=433504&type=search&JobReqLang=1&recordstart=1&JobSiteId=5283&JobSiteInfo=433504_5283&GQId=0\\\" >32060BR</a> \",\"JobTitle\" : \"SCM Analyst \u2013 Depot\",\"FORMTEXT12\" : \"India\",\"FORMTEXT7\" : \"Chennai\",\"FORMTEXT8\" : \"FGBS- Ford Global Business Services\",\"FORMTEXT19\" : \"Marketing Sales & Services\",\"PositionsRemaining\" : \"1\",\"LastUpdated\" : \"<input type='hidden' value='63687600'/>08-Mar-2019\",\"currentRowHiddenData\" : \"<input type='hidden' name='hidJobSiteId' id='hidJobSiteId_433504'  value='433504_5283' /><input type='hidden' name='hidJobGQId'  value='0' />\"},{\"chkColumn\" : \"<div style='text-align:center'><input  type='checkbox' title='Select 33071br' id='443974' name='chkJobClientIds'  value='443974|1|0' aria-checked='false' role='checkbox' tabindex='-1' aria-label='Select 33071br'onClick=\\\"javascript:onCheckJob('443974',443974,'1','0','1', false);\\\" /></div>\",\"AutoReq\" : \"<input type='hidden' value=\\\"33071br\\\"></input><a tabindex='-1' aria-label=\\\"View job details for 33071BR\\\" id='viewjobdetails43' href=\\\"jobdetails.aspx?SID=%5ecxk4ebUYn2CHrE1lGJW14q1UFneq7zPjEAILZXPDDtNIwVZWXV6rSIJzlaLcdgpg&jobId=443974&type=search&JobReqLang=1&recordstart=1&JobSiteId=5283&JobSiteInfo=443974_5283&GQId=0\\\" >33071BR</a> \",\"JobTitle\" : \"EU PFM Analyst\",\"FORMTEXT12\" : \"India\",\"FORMTEXT7\" : \"Chennai\",\"FORMTEXT8\" : \"FGBS- Ford Global Business Services\",\"FORMTEXT19\" : \"Marketing Sales & Services\",\"PositionsRemaining\" : \"1\",\"LastUpdated\" : \"<input type='hidden' value='63687427'/>06-Mar-2019\",\"currentRowHiddenData\" : \"<input type='hidden' name='hidJobSiteId' id='hidJobSiteId_443974'  value='443974_5283' /><input type='hidden' name='hidJobGQId'  value='0' />\"},{\"chkColumn\" : \"<div style='text-align:center'><input  type='checkbox' title='Select 33089br' id='443975' name='chkJobClientIds'  value='443975|1|0' aria-checked='false' role='checkbox' tabindex='-1' aria-label='Select 33089br'onClick=\\\"javascript:onCheckJob('443975',443975,'1','0','1', false);\\\" /></div>\",\"AutoReq\" : \"<input type='hidden' value=\\\"33089br\\\"></input><a tabindex='-1' aria-label=\\\"View job details for 33089BR\\\" id='viewjobdetails44' href=\\\"jobdetails.aspx?SID=%5ecxk4ebUYn2CHrE1lGJW14q1UFneq7zPjEAILZXPDDtNIwVZWXV6rSIJzlaLcdgpg&jobId=443975&type=search&JobReqLang=1&recordstart=1&JobSiteId=5283&JobSiteInfo=443975_5283&GQId=0\\\" >33089BR</a> \",\"JobTitle\" : \"TSO Publication Author\",\"FORMTEXT12\" : \"India\",\"FORMTEXT7\" : \"Chennai\",\"FORMTEXT8\" : \"FGBS- Ford Global Business Services\",\"FORMTEXT19\" : \"Marketing Sales & Service\",\"PositionsRemaining\" : \"1\",\"LastUpdated\" : \"<input type='hidden' value='63687427'/>06-Mar-2019\",\"currentRowHiddenData\" : \"<input type='hidden' name='hidJobSiteId' id='hidJobSiteId_443975'  value='443975_5283' /><input type='hidden' name='hidJobGQId'  value='0' />\"},{\"chkColumn\" : \"<div style='text-align:center'><input  type='checkbox' title='Select 32657br' id='439433' name='chkJobClientIds'  value='439433|1|0' aria-checked='false' role='checkbox' tabindex='-1' aria-label='Select 32657br'onClick=\\\"javascript:onCheckJob('439433',439433,'1','0','1', false);\\\" /></div>\",\"AutoReq\" : \"<input type='hidden' value=\\\"32657br\\\"></input><a tabindex='-1' aria-label=\\\"View job details for 32657BR\\\" id='viewjobdetails45' href=\\\"jobdetails.aspx?SID=%5ecxk4ebUYn2CHrE1lGJW14q1UFneq7zPjEAILZXPDDtNIwVZWXV6rSIJzlaLcdgpg&jobId=439433&type=search&JobReqLang=1&recordstart=1&JobSiteId=5283&JobSiteInfo=439433_5283&GQId=0\\\" >32657BR</a> \",\"JobTitle\" : \"Language Specialist\",\"FORMTEXT12\" : \"India\",\"FORMTEXT7\" : \"Chennai\",\"FORMTEXT8\" : \"FGBS- Ford Global Business Services\",\"FORMTEXT19\" : \"Credit\",\"PositionsRemaining\" : \"1\",\"LastUpdated\" : \"<input type='hidden' value='63686304'/>21-Feb-2019\",\"currentRowHiddenData\" : \"<input type='hidden' name='hidJobSiteId' id='hidJobSiteId_439433'  value='439433_5283' /><input type='hidden' name='hidJobGQId'  value='0' />\"},{\"chkColumn\" : \"<div style='text-align:center'><input  type='checkbox' title='Select 32807br' id='441508' name='chkJobClientIds'  value='441508|1|0' aria-checked='false' role='checkbox' tabindex='-1' aria-label='Select 32807br'onClick=\\\"javascript:onCheckJob('441508',441508,'1','0','1', false);\\\" /></div>\",\"AutoReq\" : \"<input type='hidden' value=\\\"32807br\\\"></input><a tabindex='-1' aria-label=\\\"View job details for 32807BR\\\" id='viewjobdetails46' href=\\\"jobdetails.aspx?SID=%5ecxk4ebUYn2CHrE1lGJW14q1UFneq7zPjEAILZXPDDtNIwVZWXV6rSIJzlaLcdgpg&jobId=441508&type=search&JobReqLang=1&recordstart=1&JobSiteId=5283&JobSiteInfo=441508_5283&GQId=0\\\" >32807BR</a> \",\"JobTitle\" : \"Product Manager- IT\",\"FORMTEXT12\" : \"India\",\"FORMTEXT7\" : \"Chennai\",\"FORMTEXT8\" : \"FGBS- Ford Global Business Services\",\"FORMTEXT19\" : \"IT\",\"PositionsRemaining\" : \"1\",\"LastUpdated\" : \"<input type='hidden' value='63685440'/>11-Feb-2019\",\"currentRowHiddenData\" : \"<input type='hidden' name='hidJobSiteId' id='hidJobSiteId_441508'  value='441508_5283' /><input type='hidden' name='hidJobGQId'  value='0' />\"},{\"chkColumn\" : \"<div style='text-align:center'><input  type='checkbox' title='Select 32817br' id='441651' name='chkJobClientIds'  value='441651|1|0' aria-checked='false' role='checkbox' tabindex='-1' aria-label='Select 32817br'onClick=\\\"javascript:onCheckJob('441651',441651,'1','0','1', false);\\\" /></div>\",\"AutoReq\" : \"<input type='hidden' value=\\\"32817br\\\"></input><a tabindex='-1' aria-label=\\\"View job details for 32817BR\\\" id='viewjobdetails47' href=\\\"jobdetails.aspx?SID=%5ecxk4ebUYn2CHrE1lGJW14q1UFneq7zPjEAILZXPDDtNIwVZWXV6rSIJzlaLcdgpg&jobId=441651&type=search&JobReqLang=1&recordstart=1&JobSiteId=5283&JobSiteInfo=441651_5283&GQId=0\\\" >32817BR</a> \",\"JobTitle\" : \"US Warranty Reporting Specialist\",\"FORMTEXT12\" : \"India\",\"FORMTEXT7\" : \"Chennai\",\"FORMTEXT8\" : \"FGBS- Ford Global Business Services\",\"FORMTEXT19\" : \"Marketing Sales & Services\",\"PositionsRemaining\" : \"1\",\"LastUpdated\" : \"<input type='hidden' value='63684921'/>05-Feb-2019\",\"currentRowHiddenData\" : \"<input type='hidden' name='hidJobSiteId' id='hidJobSiteId_441651'  value='441651_5283' /><input type='hidden' name='hidJobGQId'  value='0' />\"},{\"chkColumn\" : \"<div style='text-align:center'><input  type='checkbox' title='Select 31287br' id='420128' name='chkJobClientIds'  value='420128|1|0' aria-checked='false' role='checkbox' tabindex='-1' aria-label='Select 31287br'onClick=\\\"javascript:onCheckJob('420128',420128,'1','0','1', false);\\\" /></div>\",\"AutoReq\" : \"<input type='hidden' value=\\\"31287br\\\"></input><a tabindex='-1' aria-label=\\\"View job details for 31287BR\\\" id='viewjobdetails48' href=\\\"jobdetails.aspx?SID=%5ecxk4ebUYn2CHrE1lGJW14q1UFneq7zPjEAILZXPDDtNIwVZWXV6rSIJzlaLcdgpg&jobId=420128&type=search&JobReqLang=1&recordstart=1&JobSiteId=5283&JobSiteInfo=420128_5283&GQId=0\\\" >31287BR</a> \",\"JobTitle\" : \"Analytics Modeler (Machine Learning)\",\"FORMTEXT12\" : \"India\",\"FORMTEXT7\" : \"Chennai\",\"FORMTEXT8\" : \"FGBS- Ford Global Business Services\",\"FORMTEXT19\" : \"GDIA\",\"PositionsRemaining\" : \"1\",\"LastUpdated\" : \"<input type='hidden' value='63684835'/>04-Feb-2019\",\"currentRowHiddenData\" : \"<input type='hidden' name='hidJobSiteId' id='hidJobSiteId_420128'  value='420128_5283' /><input type='hidden' name='hidJobGQId'  value='0' />\"},{\"chkColumn\" : \"<div style='text-align:center'><input  type='checkbox' title='Select 32676br' id='439811' name='chkJobClientIds'  value='439811|1|0' aria-checked='false' role='checkbox' tabindex='-1' aria-label='Select 32676br'onClick=\\\"javascript:onCheckJob('439811',439811,'1','0','1', false);\\\" /></div>\",\"AutoReq\" : \"<input type='hidden' value=\\\"32676br\\\"></input><a tabindex='-1' aria-label=\\\"View job details for 32676BR\\\" id='viewjobdetails49' href=\\\"jobdetails.aspx?SID=%5ecxk4ebUYn2CHrE1lGJW14q1UFneq7zPjEAILZXPDDtNIwVZWXV6rSIJzlaLcdgpg&jobId=439811&type=search&JobReqLang=1&recordstart=1&JobSiteId=5283&JobSiteInfo=439811_5283&GQId=0\\\" >32676BR</a> \",\"JobTitle\" : \"Agile Coach\",\"FORMTEXT12\" : \"India\",\"FORMTEXT7\" : \"Chennai\",\"FORMTEXT8\" : \"FGBS- Ford Global Business Services\",\"FORMTEXT19\" : \"IT\",\"PositionsRemaining\" : \"1\",\"LastUpdated\" : \"<input type='hidden' value='63684835'/>04-Feb-2019\",\"currentRowHiddenData\" : \"<input type='hidden' name='hidJobSiteId' id='hidJobSiteId_439811'  value='439811_5283' /><input type='hidden' name='hidJobGQId'  value='0' />\"}]"]}
]